﻿<?xml version="1.0" encoding="utf-8"?>
<RatingServiceSelectionRequest>
  <Request>
	<RequestAction>Rate</RequestAction>
	<RequestOption>Shop</RequestOption>
	<TransactionReference>
	  <CustomerContext>UTEX Request for Rating and Service</CustomerContext>
	</TransactionReference>
  </Request>
  <PickupType>
	<Code>01</Code>
	<Description>Daily Pickup</Description>
  </PickupType>
  <Shipment>
	<Description>Rate Shopping - Domestic</Description>
	<Shipper>
	  <Name>Ultimate Textile</Name>
	  <ShipperNumber>688e50</ShipperNumber>
	  <Address>
		<AddressLine1>18 Market Street</AddressLine1>
		<AddressLine2 />
		<AddressLine3 />
		<City>Paterson</City>
		<StateProvinceCode>NJ</StateProvinceCode>
		<PostalCode>07501</PostalCode>
		<CountryCode>US</CountryCode>
	  </Address>
	</Shipper>
	<ShipTo>
	  <CompanyName>Recipient</CompanyName>
	  <PhoneNumber></PhoneNumber>
	  <Address>
		<AddressLine1></AddressLine1>
		<AddressLine2></AddressLine2>
		<AddressLine3 />
		<City></City>
		<StateProvinceCode></StateProvinceCode>
		<PostalCode></PostalCode>
		<CountryCode>US</CountryCode>
		<ResidentialAddressIndicator>Y</ResidentialAddressIndicator>
	  </Address>
	</ShipTo>
	<ShipFrom>
	  <CompanyName>Ultimate Textile</CompanyName>
	  <PhoneNumber>2093684031</PhoneNumber>
	  <FaxNumber>2093684136</FaxNumber>
	  <Address>
		<AddressLine1>18 Market Street</AddressLine1>
		<AddressLine2 />
		<AddressLine3 />
		<City>Paterson</City>
		<StateProvinceCode>NJ</StateProvinceCode>
		<PostalCode>07501</PostalCode>
		<CountryCode>US</CountryCode>
	  </Address>
	</ShipFrom>
	<Service>
	  <Code>03</Code>
	</Service>
	<Package>
	  <PackagingType>
		<Code>02</Code>
		<Description>Package</Description>
	  </PackagingType>
	  <Description>Rate</Description>
	  <Dimensions>
		<UnitOfMeasurement>
		  <Code>IN</Code>
		</UnitOfMeasurement>
		<Length>12.00</Length>
		<Width>12.00</Width>
		<Height>15.00</Height>
	  </Dimensions>
	  <PackageWeight>
		<UnitOfMeasurement>
		  <Code>LBS</Code>
		</UnitOfMeasurement>
		<Weight>10</Weight>
	  </PackageWeight>
	  <PackageServiceOptions>
		<InsuredValue>
		  <CurrencyCode>USD</CurrencyCode>
		  <MonetaryValue>50</MonetaryValue>
		</InsuredValue>
	  </PackageServiceOptions>
	</Package>
	<ShipmentServiceOptions></ShipmentServiceOptions>
	<RateInformation>
	  <NegotiatedRatesIndicator/>
	</RateInformation>
  </Shipment>
</RatingServiceSelectionRequest>